prior_gpa,attendance_pct,quiz_avg,assign_avg,midterm,study_hours_wk,on_time_submit_pct,lms_logins_wk,forum_posts,commute_min,gender,school_type,parent_edu,passed
2.45,52,60,48,96,8,71,26,5,99,Female,Private,PG,0
3.65,59,35,89,93,19,84,1,5,41,Male,Government,PG,0
2.91,43,45,59,68,18,52,11,3,62,Male,Government,HighSchool,0
3.26,83,86,90,98,12,54,16,8,42,Male,Private,UG,1
3.03,40,35,75,53,14,47,23,16,112,Male,Private,UG,0
3.3,42,94,43,70,4,79,9,19,56,Male,Government,UG,0
3.33,46,71,90,42,10,58,16,15,112,Female,Private,UG,0
2.42,90,47,74,30,6,40,24,16,19,Male,Government,UG,0
2.6,69,61,80,60,12,64,12,1,24,Female,Private,PG,1
2.51,56,55,66,89,18,61,10,15,10,Female,Private,UG,0
2.54,94,41,36,66,13,58,21,11,7,Female,Private,HighSchool,0
3.76,53,96,71,87,17,70,15,18,43,Female,Private,UG,0
2.1,72,92,82,57,9,65,29,2,57,Female,Private,PG,1
3.5,63,95,45,64,1,61,1,16,74,Female,Government,HighSchool,0
2.91,60,98,36,81,13,67,4,7,47,Male,Private,PG,0
2.4,48,60,91,52,18,98,4,11,73,Female,Government,PG,0
3.28,46,87,74,48,5,66,16,13,35,Male,Private,UG,0
3.52,69,97,80,58,11,90,19,16,94,Male,Government,PG,1
3.83,71,45,89,64,6,99,29,8,113,Female,Private,HighSchool,0
3.83,99,96,67,93,7,41,3,11,32,Male,Private,UG,1
3.18,81,42,78,57,7,64,11,15,52,Female,Government,UG,0
3.51,40,66,48,67,11,83,9,10,64,Female,Private,HighSchool,0
2.35,97,65,69,63,15,61,14,5,85,Female,Private,HighSchool,1
3.52,57,99,78,54,8,42,14,1,44,Male,Government,PG,0
3.96,54,58,37,40,10,47,15,8,53,Female,Government,HighSchool,0
3.24,94,65,73,43,13,69,29,9,18,Female,Government,UG,1
2.16,74,37,76,82,9,89,11,13,98,Female,Private,PG,0
3.27,53,34,93,64,6,69,15,15,47,Male,Private,UG,0
2.51,98,86,67,37,11,89,27,14,56,Female,Private,HighSchool,1
2.88,72,93,97,78,10,47,27,2,65,Female,Private,PG,1
3.7,54,52,57,69,3,50,1,6,8,Female,Government,UG,0
3.37,72,89,67,70,4,58,6,17,29,Female,Private,HighSchool,1
3.46,53,67,98,32,18,57,27,9,10,Female,Government,UG,0
3.03,78,35,99,53,1,57,9,5,47,Male,Government,UG,0
2.3,49,36,52,30,4,74,15,10,6,Male,Private,PG,0
2.5,43,35,56,46,1,87,23,7,55,Male,Private,UG,0
2.09,83,87,82,64,13,51,28,6,118,Male,Government,HighSchool,1
2.71,81,58,36,81,12,83,21,3,81,Male,Private,UG,0
2.95,75,64,84,58,2,58,26,18,69,Male,Government,HighSchool,1
3.3,60,89,98,75,13,98,8,6,101,Male,Government,PG,0
3.56,94,63,78,91,10,45,26,19,77,Male,Government,UG,1
2.61,42,58,75,52,9,48,15,7,18,Female,Private,HighSchool,0
3.78,48,86,93,64,17,54,26,13,10,Male,Private,PG,0
2.86,77,72,43,40,4,99,6,14,59,Female,Government,HighSchool,0
2.07,80,95,51,38,9,88,1,19,60,Male,Government,UG,1
3.82,53,32,76,52,18,70,26,14,81,Female,Private,UG,0
2.55,45,69,37,53,13,59,20,12,97,Female,Private,HighSchool,0
3.39,78,52,66,96,14,83,24,4,45,Female,Private,HighSchool,1
3.06,74,40,78,46,7,75,1,6,93,Male,Private,UG,0
2.41,85,65,57,42,13,97,29,6,77,Female,Government,HighSchool,1
2.62,70,66,62,34,10,88,6,18,48,Female,Private,HighSchool,1
3.23,97,36,47,69,19,46,17,9,99,Female,Private,UG,0
3.55,79,66,36,73,17,42,4,10,11,Female,Private,PG,0
2.82,54,93,77,64,19,55,13,13,102,Female,Government,PG,0
2.66,44,88,55,32,7,86,3,5,116,Female,Government,UG,0
3.87,75,44,87,90,13,43,17,16,54,Male,Private,PG,0
3.32,80,60,44,94,18,99,15,10,113,Female,Private,PG,0
3.77,47,86,58,44,14,70,20,6,55,Female,Government,UG,0
2.91,68,39,84,84,4,77,27,7,89,Male,Private,UG,0
3.85,97,92,41,40,7,71,24,6,63,Male,Private,PG,0
3.55,87,88,78,34,11,85,24,11,21,Female,Government,UG,1
2.01,57,72,85,71,5,85,22,1,79,Female,Private,HighSchool,0
3.59,82,58,86,34,13,91,17,3,89,Female,Government,UG,1
3.73,97,99,78,59,18,58,26,6,61,Male,Government,UG,1
3.98,86,91,46,89,15,89,26,13,67,Female,Private,UG,0
3.35,65,59,96,44,4,53,24,19,90,Male,Private,UG,1
2.93,53,61,61,35,4,47,24,8,116,Female,Private,HighSchool,0
3.8,71,59,99,78,10,50,12,15,116,Male,Government,HighSchool,1
2.63,64,75,75,68,10,41,11,9,38,Female,Private,PG,1
2.17,93,36,87,94,12,62,27,2,12,Male,Private,HighSchool,0
2.89,42,46,88,78,11,91,2,5,82,Female,Government,HighSchool,0
3.22,72,61,62,83,11,63,16,2,111,Female,Government,HighSchool,1
2.95,70,97,76,68,5,95,6,16,81,Female,Private,PG,1
2.82,43,58,81,95,13,84,16,2,34,Male,Private,UG,0
2.25,43,60,72,42,7,51,6,18,36,Male,Private,PG,0
2.96,71,65,97,84,2,66,24,0,117,Male,Government,UG,1
3.89,95,77,55,49,18,56,12,14,32,Male,Government,UG,1
2.03,62,53,38,58,11,65,13,10,7,Male,Private,UG,0
2.99,57,88,79,82,7,51,2,11,116,Male,Government,UG,0
3.45,70,84,62,46,6,76,9,18,111,Male,Private,PG,1
3.22,51,47,86,32,7,81,22,18,119,Male,Private,UG,0
3.68,93,90,94,48,7,71,18,2,38,Male,Private,PG,1
2.26,48,71,72,73,7,44,7,17,86,Female,Government,HighSchool,0
3.73,77,91,76,43,3,80,9,10,60,Male,Private,PG,1
2.98,96,72,83,52,16,58,22,11,89,Female,Government,PG,1
3.27,46,71,72,49,3,75,24,10,19,Male,Government,UG,0
3.6,65,99,38,70,4,84,9,7,91,Male,Private,PG,0
3.72,66,86,60,30,10,57,26,17,55,Female,Private,UG,1
2.9,58,51,43,79,14,89,27,2,51,Male,Private,PG,0
3.06,64,92,76,49,19,98,8,16,98,Male,Private,HighSchool,1
2.45,93,99,64,49,19,41,7,5,94,Male,Private,UG,1
3.8,72,47,81,82,4,83,9,12,42,Male,Government,UG,0
2.67,72,79,66,83,4,63,25,6,57,Male,Private,HighSchool,1
2.91,79,37,81,97,14,99,29,15,93,Female,Government,UG,0
3.12,61,36,64,44,12,69,16,11,48,Male,Private,PG,0
2.57,43,80,58,46,4,77,29,9,101,Female,Government,HighSchool,0
3.47,75,72,44,54,11,86,24,6,11,Male,Private,HighSchool,0
2.09,49,72,63,89,14,50,25,10,7,Female,Private,PG,0
2.32,54,67,73,44,12,62,18,0,75,Female,Private,PG,0
2.01,84,38,92,96,19,69,18,18,40,Female,Private,HighSchool,0
3.7,70,91,43,39,14,48,26,1,27,Female,Private,PG,0
2.97,94,88,75,76,16,58,14,7,81,Female,Private,HighSchool,1
2.49,50,44,43,96,13,72,15,15,43,Male,Government,UG,0
3.25,59,40,39,86,19,62,28,8,6,Male,Government,HighSchool,0
2.7,55,39,97,79,19,72,6,5,48,Male,Private,HighSchool,0
3.84,52,60,84,36,1,57,21,10,98,Male,Private,HighSchool,0
2.99,73,69,37,76,12,65,15,13,111,Male,Government,HighSchool,0
2.56,50,74,63,57,8,75,18,15,69,Female,Government,UG,0
2.31,47,75,38,48,16,52,2,16,89,Female,Government,HighSchool,0
2.37,45,70,50,93,15,82,6,16,7,Female,Private,UG,0
3.61,88,34,59,33,7,57,18,14,80,Female,Government,HighSchool,0
2.23,69,95,99,76,16,80,4,16,118,Female,Private,PG,1
2.98,65,74,39,82,2,83,22,15,24,Male,Government,UG,0
2.24,51,79,50,82,9,80,14,12,52,Male,Government,HighSchool,0
3.59,62,60,88,83,15,93,8,13,69,Female,Government,HighSchool,1
3.68,43,42,62,86,15,93,17,6,112,Male,Private,HighSchool,0
3.42,88,89,78,32,3,40,27,16,117,Male,Government,PG,1
3.54,84,72,56,51,14,90,21,10,47,Male,Private,PG,1
3.01,52,32,74,53,6,92,23,10,19,Male,Private,HighSchool,0
2.88,95,62,95,76,13,96,6,4,88,Male,Private,PG,1
2.16,84,51,67,47,14,44,18,1,119,Male,Private,PG,1
2.2,55,80,68,76,15,68,29,9,5,Male,Government,HighSchool,0
3.2,96,46,42,60,15,43,27,0,98,Female,Government,PG,0
2.86,67,98,53,78,2,50,15,11,51,Male,Private,HighSchool,1
3.71,49,71,72,38,12,70,3,5,106,Male,Private,UG,0
3.53,48,69,39,81,16,61,9,8,92,Female,Private,UG,0
3.97,75,33,74,44,1,56,4,5,17,Male,Private,UG,0
2.56,77,84,44,99,3,85,18,8,63,Male,Government,UG,0
3.86,78,47,61,63,12,78,26,18,96,Male,Private,UG,0
3.49,78,39,79,97,1,61,25,2,113,Male,Government,UG,0
3.45,89,56,68,62,7,76,25,8,12,Female,Government,PG,1
2.65,89,53,70,48,5,72,10,3,34,Male,Private,HighSchool,1
3.03,71,89,69,84,15,94,11,19,110,Male,Government,PG,1
3.47,80,46,63,63,3,53,12,13,43,Female,Government,HighSchool,0
2.87,99,67,80,91,10,42,19,12,111,Male,Private,UG,1
3.05,40,50,95,58,8,72,13,5,93,Male,Private,PG,0
2.38,92,62,77,72,8,86,23,15,15,Male,Private,UG,1
2.08,91,70,83,85,9,63,14,16,17,Male,Government,HighSchool,1
2.22,85,72,81,44,5,40,7,12,103,Male,Private,UG,1
2.28,61,30,59,55,16,81,4,6,112,Female,Private,HighSchool,0
2.43,56,95,71,67,5,95,11,3,20,Male,Private,HighSchool,0
3.42,61,72,64,80,15,69,7,9,94,Male,Private,HighSchool,1
3.17,58,49,54,39,2,82,4,12,21,Female,Private,PG,0
3.69,76,60,97,43,7,83,11,13,89,Female,Private,PG,1
2.1,69,95,41,42,13,98,21,19,118,Female,Private,PG,0
3.33,45,88,74,67,9,41,23,1,50,Male,Private,UG,0
2.37,85,47,55,35,12,52,16,1,11,Male,Private,UG,0
2.05,63,36,99,35,14,97,24,14,13,Female,Private,HighSchool,0
3.66,71,64,96,30,4,98,11,10,69,Female,Government,UG,1
3.9,72,39,55,41,18,95,4,6,60,Female,Government,PG,0
3.37,53,35,67,35,3,80,16,1,42,Female,Private,HighSchool,0
3.76,79,31,43,49,5,49,2,1,114,Male,Government,HighSchool,0
2.6,60,88,70,90,16,93,9,10,107,Female,Government,HighSchool,0
3.72,49,64,40,51,5,71,25,1,41,Male,Private,HighSchool,0
2.8,59,90,93,66,7,54,21,5,57,Male,Government,HighSchool,0
3.0,52,31,95,50,6,82,20,1,67,Male,Government,HighSchool,0
2.07,63,87,93,51,18,99,28,10,72,Female,Government,UG,1
2.57,91,93,86,70,11,65,11,13,79,Male,Government,UG,1
3.29,50,30,62,39,13,95,28,17,69,Female,Government,UG,0
2.73,93,70,79,87,5,78,12,15,67,Female,Government,HighSchool,1
3.08,78,53,49,44,19,47,9,3,62,Female,Private,PG,0
3.43,68,43,43,97,19,58,28,4,55,Female,Private,HighSchool,0
3.59,61,62,98,60,3,49,24,19,56,Male,Private,HighSchool,1
3.2,75,88,53,63,7,48,26,8,8,Male,Government,UG,1
2.52,63,90,68,73,10,85,4,19,63,Female,Government,HighSchool,1
3.49,98,33,67,98,9,54,15,8,105,Female,Private,UG,0
2.52,98,82,64,83,11,77,4,5,72,Female,Private,PG,1
2.73,74,71,58,48,17,82,6,14,45,Female,Private,PG,1
2.68,96,38,74,89,18,77,14,18,53,Female,Private,UG,0
3.46,74,97,52,56,4,43,11,14,90,Female,Government,UG,1
2.48,40,71,70,66,1,69,19,10,72,Male,Government,HighSchool,0
2.54,95,67,85,72,15,98,15,1,80,Male,Government,PG,1
3.5,50,48,54,51,13,93,11,8,73,Male,Government,HighSchool,0
2.54,43,93,96,46,19,68,16,12,12,Male,Private,PG,0
2.29,82,53,99,78,19,80,19,10,25,Male,Government,UG,1
2.31,88,98,81,84,13,94,1,3,63,Male,Private,UG,1
3.13,77,48,42,84,17,92,21,15,117,Female,Private,UG,0
2.97,49,58,79,47,2,56,11,10,54,Female,Private,HighSchool,0
2.01,50,51,64,33,2,81,16,5,80,Female,Private,PG,0
3.4,99,93,53,32,15,64,6,6,92,Male,Private,PG,1
2.44,55,35,75,84,6,44,4,16,70,Female,Private,PG,0
2.32,92,89,91,56,13,45,18,0,24,Female,Government,PG,1
3.09,77,44,40,74,13,88,1,7,28,Female,Government,HighSchool,0
2.32,63,43,50,94,2,76,23,0,33,Female,Private,UG,0
3.51,74,36,57,48,1,61,11,9,84,Male,Government,PG,0
3.0,60,78,58,40,9,66,27,18,29,Male,Government,PG,0
3.61,46,35,99,50,10,83,17,17,109,Male,Private,UG,0
2.29,74,93,40,45,1,83,5,5,102,Female,Private,HighSchool,0
3.34,60,81,67,42,1,89,6,8,57,Male,Government,PG,0
3.15,58,39,97,93,3,61,4,19,115,Male,Private,HighSchool,0
3.05,43,71,50,68,16,50,2,16,90,Female,Government,HighSchool,0
3.13,60,75,53,58,18,55,23,2,63,Female,Private,UG,0
2.95,76,92,68,42,3,77,5,1,30,Female,Government,PG,1
3.47,80,91,57,62,15,42,15,7,14,Male,Government,PG,1
2.19,87,41,94,39,11,66,12,18,76,Female,Private,UG,0
2.69,82,36,68,60,4,91,27,18,111,Male,Private,UG,0
2.5,54,45,69,50,2,56,19,19,15,Female,Private,UG,0
2.77,84,72,58,73,14,88,1,5,85,Female,Government,HighSchool,1
2.83,87,40,85,95,5,42,5,17,42,Male,Private,UG,0
3.01,45,49,60,59,19,50,4,4,20,Male,Government,PG,0
2.67,45,75,59,96,11,58,6,19,37,Male,Private,HighSchool,0
2.15,81,39,98,44,10,75,29,12,91,Male,Government,HighSchool,0
3.14,47,76,66,56,1,43,2,5,44,Female,Private,UG,0
3.55,82,87,93,49,7,75,8,11,16,Male,Private,HighSchool,1
3.06,73,70,60,90,8,56,24,2,47,Female,Government,UG,1
3.21,94,75,85,81,11,91,11,1,68,Male,Private,HighSchool,1
2.02,84,50,76,97,1,78,4,17,51,Female,Private,PG,0
3.63,91,33,61,49,11,83,21,15,75,Female,Private,PG,0
2.25,73,46,75,81,1,69,20,15,33,Male,Government,HighSchool,0
2.51,92,81,75,62,12,79,6,4,37,Male,Private,UG,1
2.4,41,53,54,47,6,43,25,6,21,Male,Private,UG,0
3.13,51,65,36,55,8,78,17,16,34,Female,Government,UG,0
2.04,76,85,82,48,15,91,14,0,115,Male,Government,UG,1
2.08,69,58,96,56,6,87,28,16,13,Male,Private,HighSchool,1
3.01,44,92,37,54,12,41,1,15,45,Female,Government,HighSchool,0
3.95,87,61,98,76,14,64,12,9,56,Male,Government,HighSchool,1
2.86,98,66,59,71,13,43,12,16,109,Female,Private,HighSchool,1
3.11,74,68,46,75,16,87,23,18,14,Female,Private,HighSchool,0
3.49,82,93,41,78,2,57,22,9,54,Male,Government,PG,0
2.57,83,84,36,56,5,60,21,15,46,Female,Government,UG,0
2.91,73,58,88,44,2,60,26,16,50,Male,Private,UG,1
3.53,94,60,37,95,18,74,26,11,43,Male,Government,PG,0
3.87,84,75,92,96,11,88,9,15,54,Male,Government,UG,1
2.28,94,49,46,89,12,98,10,14,35,Male,Government,UG,0
2.49,57,46,41,85,19,85,4,1,53,Female,Private,UG,0
2.19,92,96,63,85,14,62,13,0,67,Male,Private,UG,1
2.41,72,36,96,60,14,61,16,19,112,Female,Private,HighSchool,0
2.14,87,68,85,94,18,49,1,0,116,Male,Government,HighSchool,1
2.35,51,49,69,34,6,96,12,14,87,Male,Private,UG,0
2.0,86,39,74,84,11,55,26,8,77,Male,Government,PG,0
3.3,47,53,73,92,17,78,29,19,23,Male,Private,HighSchool,0
3.3,75,99,36,84,11,56,17,13,118,Male,Private,PG,0
2.32,71,80,55,82,8,41,25,19,8,Male,Private,UG,1
3.33,70,87,59,89,8,93,28,11,50,Male,Private,UG,1
2.97,79,53,83,32,6,97,20,1,94,Female,Private,PG,1
3.36,49,34,81,69,19,59,20,16,23,Female,Government,UG,0
3.77,70,37,99,59,3,88,5,18,67,Male,Private,UG,0
2.96,97,55,62,35,2,74,13,10,18,Male,Government,PG,1
2.34,63,49,68,74,9,70,16,12,48,Female,Private,PG,0
2.07,92,77,76,80,16,45,21,15,102,Male,Government,HighSchool,1
2.58,49,96,68,51,17,87,26,13,115,Male,Private,HighSchool,0
3.31,85,73,86,56,18,51,21,7,91,Male,Private,HighSchool,1
2.32,46,75,38,95,14,95,8,4,81,Male,Private,UG,0
3.76,92,42,39,30,13,74,23,13,113,Male,Government,UG,0
2.51,51,91,67,47,16,41,26,7,88,Female,Government,UG,0
3.85,71,60,63,48,18,50,25,7,71,Male,Government,HighSchool,1
2.76,58,35,81,91,1,66,29,4,104,Female,Government,UG,0
3.4,49,87,44,52,7,66,15,2,22,Male,Private,HighSchool,0
3.62,43,99,64,91,8,48,18,18,70,Female,Government,PG,0
3.81,76,98,66,93,2,60,14,15,21,Male,Government,HighSchool,1
3.45,59,50,37,61,18,45,27,18,72,Male,Private,PG,0
3.47,97,48,87,46,10,43,24,6,80,Female,Private,UG,0
2.25,90,42,65,48,5,80,24,18,91,Female,Private,PG,0
3.56,91,82,45,82,5,65,25,6,105,Male,Private,HighSchool,0
3.04,41,49,86,40,18,50,10,19,52,Male,Private,HighSchool,0
2.77,40,33,41,86,10,85,11,18,67,Female,Government,UG,0
2.46,80,87,70,91,8,97,10,18,87,Female,Government,UG,1
3.43,90,82,70,85,7,96,5,10,64,Female,Government,UG,1
2.95,63,66,49,93,9,61,13,2,67,Female,Government,PG,0
2.19,82,88,76,51,6,89,20,9,97,Female,Government,UG,1
3.2,73,84,75,78,6,65,27,7,23,Male,Government,HighSchool,1
3.83,55,67,41,64,13,80,2,3,96,Female,Private,UG,0
3.51,98,38,64,81,2,66,29,18,47,Female,Government,UG,0
3.76,44,81,54,52,6,62,24,9,84,Female,Private,PG,0
3.14,64,77,55,58,12,61,15,12,84,Male,Government,HighSchool,1
3.52,57,63,94,64,9,80,16,2,106,Female,Private,PG,0
2.29,73,56,68,31,2,86,1,2,61,Male,Government,PG,1
2.31,61,66,66,72,6,78,16,7,45,Male,Government,PG,1
2.5,91,80,58,44,11,42,20,11,40,Male,Government,PG,1
2.89,44,50,56,35,4,66,12,4,10,Male,Government,UG,0
2.43,71,94,88,60,5,74,14,4,59,Female,Government,UG,1
2.25,66,66,42,47,19,50,11,12,64,Male,Government,HighSchool,0
3.54,60,46,94,49,17,47,9,11,46,Male,Government,UG,0
3.31,51,97,70,67,11,76,2,0,74,Male,Government,HighSchool,0
3.87,82,98,67,97,17,59,23,1,11,Female,Private,HighSchool,1
3.31,89,75,41,46,11,86,18,14,102,Female,Government,PG,0
2.44,88,60,61,87,4,40,1,13,86,Male,Private,UG,1
2.25,70,56,96,62,3,73,8,7,87,Female,Government,HighSchool,1
2.21,48,33,87,31,8,45,22,4,26,Female,Private,PG,0
2.38,79,89,96,31,8,48,15,2,66,Female,Government,UG,1
2.92,85,85,54,67,15,53,24,6,72,Male,Government,PG,1
2.45,44,60,40,46,8,56,26,19,103,Male,Private,UG,0
2.06,69,94,75,93,16,76,14,1,19,Female,Private,PG,1
3.91,82,70,77,71,8,78,21,4,82,Female,Private,PG,1
3.73,90,52,43,63,15,97,12,3,90,Female,Government,PG,0
2.2,44,43,48,98,14,95,2,13,109,Female,Private,HighSchool,0
2.31,86,57,45,39,16,66,27,1,100,Male,Private,HighSchool,0
3.73,67,85,47,65,7,47,17,7,31,Male,Government,HighSchool,0
2.0,95,73,81,60,5,60,16,19,109,Male,Private,UG,1
3.9,62,30,59,33,17,93,2,6,64,Male,Government,PG,0
2.11,49,70,63,44,9,94,14,8,94,Female,Private,UG,0
3.82,61,81,73,46,11,76,10,1,17,Female,Private,PG,1
3.1,67,50,90,81,15,53,14,15,49,Female,Private,HighSchool,0
2.46,54,67,83,84,10,82,16,14,100,Male,Private,UG,0
3.33,96,65,60,85,13,95,12,16,76,Male,Private,HighSchool,1
2.72,50,57,99,39,8,40,14,13,113,Male,Government,PG,0
2.39,58,31,91,46,19,72,5,6,52,Female,Private,PG,0
2.24,61,62,40,99,14,73,5,13,96,Female,Government,PG,0
2.34,49,91,44,41,6,58,19,5,53,Female,Private,HighSchool,0
3.03,81,70,66,91,6,75,19,3,107,Male,Government,HighSchool,1
2.76,96,67,91,59,7,66,18,15,11,Male,Private,UG,1
3.8,55,41,93,51,19,65,9,11,109,Male,Private,UG,0
3.91,93,52,77,94,11,62,23,0,46,Female,Private,PG,1
2.22,73,58,39,41,18,77,6,14,33,Male,Government,HighSchool,0
2.39,43,99,95,75,12,86,22,14,25,Female,Government,HighSchool,0
2.3,59,66,90,42,3,59,26,15,31,Male,Private,HighSchool,0
3.12,47,91,73,70,7,48,1,3,16,Male,Government,HighSchool,0
2.55,79,37,36,75,16,80,17,4,102,Female,Private,PG,0
3.86,88,75,73,63,8,80,11,18,113,Male,Government,PG,1
3.38,42,92,74,84,2,49,24,7,12,Male,Private,PG,0
2.93,72,54,56,85,1,88,29,19,22,Male,Government,PG,1
2.42,74,87,48,84,19,76,1,12,5,Male,Private,HighSchool,0
2.3,63,33,79,95,17,54,10,7,55,Male,Private,HighSchool,0
2.19,81,37,77,60,3,50,3,8,56,Female,Government,HighSchool,0
2.46,96,53,51,77,2,71,4,6,65,Male,Government,UG,1
2.53,86,63,68,77,19,88,26,8,6,Female,Government,UG,1
3.85,59,63,65,47,7,89,3,4,75,Female,Government,PG,0
3.83,67,56,91,83,12,82,2,13,72,Female,Private,UG,1
3.03,86,87,73,52,2,59,21,17,46,Female,Government,HighSchool,1
3.89,62,65,61,30,14,58,24,19,83,Female,Private,PG,1
3.98,61,99,60,66,15,53,24,6,105,Male,Government,UG,1
2.48,73,78,77,56,10,69,24,18,24,Male,Government,UG,1
3.43,49,46,72,49,3,63,26,17,46,Male,Government,HighSchool,0
3.62,59,96,90,48,13,73,22,13,52,Female,Government,HighSchool,0
2.96,81,56,70,54,2,47,21,16,95,Female,Government,UG,1
2.8,46,73,74,69,11,42,23,8,73,Male,Government,UG,0
2.62,96,50,43,63,6,71,21,9,104,Male,Government,PG,0
2.56,48,33,97,48,4,76,23,4,88,Male,Government,PG,0
3.44,96,52,78,74,16,81,13,19,93,Female,Government,HighSchool,1
3.46,48,32,56,32,12,46,13,9,44,Female,Government,PG,0
2.4,80,81,63,46,2,99,19,3,18,Female,Private,PG,1
2.12,83,56,54,69,5,50,5,9,37,Female,Private,UG,1
3.23,43,45,81,41,13,96,2,8,70,Female,Private,UG,0
2.32,42,81,55,37,4,93,25,10,87,Male,Private,PG,0
3.29,46,36,93,41,8,87,8,0,67,Female,Government,UG,0
3.65,47,42,84,57,7,74,7,9,59,Male,Government,UG,0
3.55,89,67,88,62,12,77,18,13,103,Male,Private,HighSchool,1
3.05,42,67,83,55,8,65,18,13,59,Male,Private,HighSchool,0
2.15,90,92,55,81,6,91,28,14,74,Male,Private,PG,1
2.13,62,89,56,86,5,90,27,8,93,Female,Government,UG,1
3.82,82,91,98,48,18,51,5,18,51,Female,Government,HighSchool,1
3.37,73,79,63,85,13,56,22,17,24,Female,Government,HighSchool,1
3.29,42,82,41,88,2,79,21,1,12,Male,Private,PG,0
3.28,68,35,71,41,13,83,10,14,64,Male,Government,PG,0
2.61,64,52,49,48,14,66,5,5,66,Female,Private,HighSchool,0
2.67,93,38,90,71,4,49,24,8,35,Male,Private,UG,0
3.13,84,72,93,33,7,87,4,1,119,Female,Private,HighSchool,1
2.65,93,57,92,73,11,49,25,17,81,Female,Government,PG,1
3.28,84,61,99,69,19,62,3,2,113,Female,Private,HighSchool,1
2.64,53,66,79,57,4,69,10,15,98,Female,Government,PG,0
3.4,77,32,68,43,14,85,14,12,46,Male,Government,PG,0
2.41,58,43,94,97,13,40,18,11,118,Male,Government,PG,0
3.49,69,57,51,82,8,56,2,16,93,Male,Private,PG,1
3.93,89,37,60,41,15,83,2,5,88,Female,Government,UG,0
2.86,80,33,56,82,9,91,19,19,85,Female,Private,PG,0
2.78,59,82,46,38,1,59,3,19,60,Male,Government,PG,0
3.03,62,78,69,65,12,80,25,6,28,Male,Private,UG,1
3.82,92,92,45,82,18,90,29,15,66,Female,Private,PG,0
3.37,49,88,64,80,14,65,10,5,78,Female,Government,HighSchool,0
2.35,81,58,87,90,16,99,27,9,25,Female,Government,HighSchool,1
3.99,45,72,44,44,19,73,29,17,112,Male,Government,UG,0
2.32,77,97,57,55,19,54,1,13,39,Male,Private,PG,1
3.91,73,68,67,74,10,69,13,18,9,Female,Government,HighSchool,1
3.92,55,33,86,90,1,77,12,9,40,Female,Government,HighSchool,0
3.27,52,40,55,47,11,46,1,7,108,Male,Government,UG,0
2.66,61,76,84,63,1,59,21,18,93,Male,Private,UG,1
2.32,54,98,92,85,15,59,29,2,22,Male,Government,PG,0
2.86,53,36,72,72,7,97,23,13,67,Male,Private,HighSchool,0
2.46,95,95,78,65,8,65,5,19,28,Male,Government,PG,1
2.32,86,35,44,55,8,94,14,9,119,Male,Government,HighSchool,0
3.33,66,54,51,90,15,45,16,12,61,Male,Private,UG,1
3.18,91,75,40,59,15,68,8,14,24,Female,Government,HighSchool,0
3.63,49,48,92,57,3,55,9,0,82,Female,Private,UG,0
3.79,52,61,87,83,4,63,16,8,72,Male,Private,PG,0
2.63,94,40,89,67,10,60,11,19,29,Female,Government,PG,0
2.23,59,44,47,54,4,82,2,3,23,Male,Private,PG,0
3.53,80,73,84,99,1,85,17,4,84,Male,Government,PG,1
2.06,63,73,46,98,13,89,25,3,28,Female,Government,UG,0
3.91,65,82,95,98,14,83,10,2,17,Male,Government,UG,1
3.42,76,79,50,47,15,61,20,19,37,Female,Private,PG,0
3.52,87,69,38,76,6,53,29,4,78,Female,Private,HighSchool,0
2.03,77,61,68,93,9,81,14,15,11,Female,Private,PG,1
3.02,51,57,61,54,3,89,25,17,119,Female,Private,UG,0
3.52,51,48,39,93,17,81,18,4,111,Female,Private,PG,0
2.15,78,91,77,54,6,68,11,17,108,Female,Private,HighSchool,1
2.76,51,75,61,63,18,67,5,3,41,Male,Government,UG,0
2.86,71,89,97,61,7,59,5,15,98,Female,Private,PG,1
3.57,68,90,86,80,12,61,2,13,91,Female,Private,HighSchool,1
3.3,44,30,46,64,13,94,19,6,61,Male,Private,PG,0
3.74,66,88,58,65,5,84,17,12,31,Male,Private,HighSchool,1
3.18,57,94,64,54,18,85,20,10,12,Male,Private,HighSchool,0
3.15,71,65,50,86,19,67,1,12,87,Male,Private,HighSchool,0
2.34,54,93,57,37,10,43,6,18,8,Male,Private,PG,0
2.33,55,84,94,90,1,69,13,2,113,Female,Private,UG,0
2.75,58,85,59,93,14,73,14,7,41,Female,Government,PG,0
3.42,94,87,64,55,1,41,8,3,119,Male,Private,HighSchool,1
2.53,95,31,49,90,8,99,1,1,53,Female,Private,HighSchool,0
2.03,90,81,57,77,16,71,25,7,41,Female,Private,UG,1
2.93,90,65,48,32,14,50,21,7,8,Male,Private,UG,0
2.68,40,30,84,67,1,92,20,17,110,Female,Government,PG,0
2.65,98,72,93,90,18,77,5,4,63,Male,Government,HighSchool,1
2.19,88,74,39,53,12,85,15,3,34,Female,Private,HighSchool,0
2.81,93,38,44,32,14,98,16,2,56,Male,Private,UG,0
2.21,78,96,83,83,14,90,25,17,43,Male,Government,UG,1
2.28,92,96,38,86,4,53,12,18,42,Male,Government,PG,0
2.95,90,91,78,40,15,93,26,6,23,Male,Private,UG,1
3.65,49,62,86,87,13,82,24,15,62,Male,Government,HighSchool,0
3.87,95,79,54,60,9,43,19,18,65,Female,Government,PG,1
2.54,62,97,52,81,18,81,7,10,104,Male,Private,PG,1
2.87,96,31,45,77,8,82,23,19,15,Male,Private,PG,0
2.35,71,61,98,45,17,84,13,8,111,Female,Government,HighSchool,1
3.07,59,38,80,86,12,51,18,4,65,Female,Private,HighSchool,0
3.81,96,61,87,58,18,56,18,14,73,Female,Government,HighSchool,1
2.45,80,37,42,48,1,92,26,17,109,Female,Government,PG,0
3.42,63,91,90,40,5,52,17,2,119,Female,Private,PG,1
3.52,47,45,82,33,2,70,4,1,61,Male,Private,HighSchool,0
2.9,77,84,79,48,5,77,6,6,42,Male,Private,UG,1
2.82,82,89,84,62,3,74,13,3,42,Male,Private,HighSchool,1
2.66,71,43,61,44,8,86,29,7,37,Female,Private,PG,0
3.06,53,44,75,94,1,43,6,10,65,Male,Private,PG,0
2.11,47,44,68,40,15,48,3,9,36,Female,Private,UG,0
3.7,79,86,62,71,18,55,19,8,75,Female,Government,HighSchool,1
2.54,79,31,46,31,13,99,3,0,59,Male,Private,HighSchool,0
3.01,85,94,99,54,6,69,18,1,44,Male,Private,HighSchool,1
2.08,49,31,40,94,17,46,8,1,17,Female,Private,UG,0
2.86,55,35,96,58,6,79,18,7,22,Male,Government,PG,0
2.44,73,34,50,33,7,92,29,10,115,Female,Government,HighSchool,0
3.79,63,36,58,90,2,65,8,14,47,Male,Private,PG,0
2.49,75,48,75,46,13,60,9,11,32,Male,Private,PG,0
3.76,51,83,95,57,19,45,5,0,7,Female,Private,HighSchool,0
2.99,40,68,84,83,11,75,29,7,6,Female,Private,UG,0
3.82,76,77,51,79,13,68,8,2,58,Female,Government,HighSchool,1
3.18,46,31,73,43,12,76,25,9,7,Female,Government,PG,0
2.31,45,79,59,77,2,72,18,2,81,Male,Government,UG,0
2.74,67,34,76,80,12,60,10,11,72,Male,Private,HighSchool,0
3.62,50,91,52,71,9,57,24,0,56,Male,Government,HighSchool,0
3.93,75,68,69,99,8,72,28,13,98,Male,Private,PG,1
3.39,86,97,66,94,15,55,17,19,37,Female,Private,UG,1
3.91,46,76,50,84,15,69,16,2,20,Female,Private,HighSchool,0
3.09,41,45,96,65,10,93,7,15,83,Female,Government,HighSchool,0
2.19,74,66,98,78,2,67,25,17,63,Male,Private,PG,1
3.28,72,67,68,81,10,52,12,1,50,Male,Private,HighSchool,1
2.46,69,64,82,84,11,53,7,11,33,Male,Government,UG,1
3.45,87,49,97,72,10,70,14,14,20,Male,Government,UG,0
2.41,75,31,63,91,9,91,12,8,57,Male,Private,HighSchool,0
3.81,89,57,55,62,9,79,20,18,83,Female,Private,HighSchool,1
3.51,73,70,97,38,2,53,19,19,29,Male,Private,UG,1
3.4,62,50,74,61,18,88,20,13,66,Male,Government,HighSchool,0
3.05,80,93,87,60,10,57,1,12,46,Female,Government,UG,1
3.04,65,79,49,42,13,78,14,15,55,Male,Government,HighSchool,0
2.37,86,71,44,38,3,89,29,9,29,Male,Government,UG,0
3.02,88,36,56,38,19,53,17,0,27,Female,Government,PG,0
2.12,41,37,52,31,13,59,16,10,9,Male,Private,PG,0
3.48,49,73,79,59,2,96,4,5,82,Female,Government,UG,0
2.72,54,86,84,31,18,72,4,3,37,Female,Government,PG,0
3.5,52,43,51,42,7,60,12,19,36,Male,Government,HighSchool,0
3.72,51,42,57,76,11,88,10,4,36,Male,Private,UG,0
3.29,50,59,77,71,8,58,12,4,60,Female,Private,PG,0
3.35,80,30,58,43,1,90,5,15,59,Male,Government,UG,0
3.47,93,41,36,62,6,99,14,13,12,Female,Private,PG,0
3.91,44,46,98,73,18,70,18,19,53,Female,Private,PG,0
2.87,69,85,68,38,17,65,11,11,10,Female,Government,PG,1
3.25,50,45,51,94,11,64,28,16,44,Male,Government,UG,0
2.38,53,85,52,68,18,99,10,17,46,Male,Government,UG,0
3.11,89,81,39,35,1,87,21,2,93,Male,Private,UG,0
3.88,94,65,51,44,5,91,15,14,80,Male,Private,HighSchool,1
2.72,50,49,89,54,2,62,2,14,91,Female,Government,UG,0
2.83,95,74,98,97,4,43,9,4,8,Female,Government,UG,1
3.72,47,34,40,64,1,81,17,3,53,Male,Private,UG,0
3.71,91,55,75,66,12,74,9,9,44,Male,Private,PG,1
3.43,50,92,86,86,15,90,9,8,108,Male,Government,PG,0
3.21,73,32,65,35,2,92,24,5,28,Female,Private,PG,0
2.25,48,44,94,83,4,69,19,8,89,Male,Government,UG,0
2.48,50,31,89,74,3,68,21,17,28,Female,Government,UG,0
2.86,68,53,74,42,11,92,9,10,88,Male,Government,PG,1
3.85,94,38,64,45,15,49,25,16,51,Male,Private,UG,0
2.64,62,94,96,82,8,43,23,12,104,Female,Private,HighSchool,1
3.1,75,59,55,91,14,87,7,2,17,Female,Government,HighSchool,1
3.9,98,81,78,60,6,55,18,18,63,Male,Government,PG,1
2.1,40,67,98,44,18,85,7,16,61,Female,Private,PG,0
2.54,63,56,67,57,5,88,25,14,47,Female,Government,PG,1
3.95,65,64,88,94,4,95,6,11,24,Female,Government,UG,1
2.27,52,60,69,76,2,86,22,10,35,Male,Government,HighSchool,0
2.84,94,55,54,42,10,66,23,19,25,Female,Government,UG,1
2.41,52,42,63,41,8,43,29,11,77,Male,Government,PG,0
3.4,60,60,43,89,6,49,19,7,99,Male,Private,UG,0
2.93,42,80,81,90,8,65,14,19,102,Male,Private,UG,0
2.19,67,75,40,59,9,61,6,16,33,Female,Private,PG,0
3.9,58,59,54,94,8,78,13,1,25,Male,Private,UG,0
3.81,87,87,81,90,15,95,20,13,115,Female,Government,UG,1
2.58,84,37,54,61,7,79,22,19,50,Female,Government,HighSchool,0
3.9,45,65,95,34,6,95,15,2,99,Male,Government,PG,0
3.39,48,56,89,98,19,86,8,16,72,Female,Private,PG,0
3.3,97,64,92,86,1,40,14,2,6,Female,Private,UG,1
3.51,62,81,58,95,17,46,2,10,22,Male,Government,UG,1
2.78,98,32,56,82,6,69,23,6,91,Female,Government,PG,0
2.07,72,90,76,89,10,44,1,7,116,Male,Private,PG,1
2.93,48,35,87,61,18,42,8,19,109,Male,Private,PG,0
3.43,84,80,49,38,19,66,22,14,110,Male,Private,HighSchool,0
3.76,96,71,48,70,16,41,11,2,17,Male,Private,PG,0
3.39,89,56,36,74,14,81,14,19,7,Female,Government,HighSchool,0
3.41,84,62,86,68,12,67,28,13,107,Male,Government,UG,1
2.02,69,92,81,70,17,84,2,10,119,Female,Government,PG,1
2.25,45,30,86,95,1,72,24,11,24,Male,Government,UG,0
3.27,77,45,79,49,12,68,19,14,24,Male,Private,UG,0
2.95,92,37,48,52,6,69,14,4,31,Female,Private,UG,0
3.27,68,61,39,86,18,56,9,14,104,Male,Government,PG,0
2.62,91,91,50,57,6,64,1,18,59,Male,Government,UG,0
3.36,55,80,93,44,6,62,19,16,96,Female,Government,PG,0
2.44,44,41,47,31,14,91,19,3,117,Female,Government,PG,0
2.47,78,36,43,65,5,61,10,10,20,Male,Private,HighSchool,0
3.1,78,72,86,98,10,58,16,7,14,Male,Private,UG,1
2.78,65,33,40,92,7,69,7,10,10,Female,Private,UG,0
3.83,58,91,55,76,5,79,7,5,62,Female,Government,HighSchool,0
2.87,95,97,99,64,12,60,25,16,68,Male,Private,PG,1
2.77,76,72,65,99,4,94,9,18,68,Male,Private,HighSchool,1
2.9,53,33,40,41,16,54,1,11,5,Male,Government,PG,0
3.32,62,80,67,67,3,81,28,17,18,Male,Private,PG,1
3.39,46,69,97,56,10,92,11,3,10,Male,Private,UG,0
3.82,69,58,74,68,5,58,21,19,87,Male,Government,HighSchool,1
2.61,56,60,98,46,9,86,12,15,99,Male,Government,PG,0
2.37,68,41,93,40,16,50,4,12,31,Male,Private,HighSchool,0
2.93,99,46,49,71,5,91,4,10,71,Female,Government,UG,0
2.5,81,31,50,42,19,99,20,9,106,Male,Private,HighSchool,0
3.64,52,68,80,58,7,80,17,17,107,Female,Private,HighSchool,0
3.62,55,51,66,37,12,69,1,18,20,Female,Private,PG,0
3.63,78,79,83,70,12,78,10,19,118,Male,Government,PG,1
3.78,89,95,54,71,10,98,27,18,81,Female,Government,PG,1
2.29,55,47,82,68,7,89,22,10,5,Male,Government,PG,0
3.24,41,52,81,42,14,42,19,16,108,Male,Private,HighSchool,0
3.6,50,70,55,55,7,83,22,5,76,Male,Private,HighSchool,0
3.09,95,97,44,62,11,42,25,6,60,Female,Private,PG,0
3.33,70,57,57,39,17,59,16,13,91,Male,Private,HighSchool,1
3.13,89,57,45,45,7,42,4,10,25,Female,Private,PG,0
2.94,70,93,35,69,18,50,29,1,74,Female,Government,HighSchool,0
2.91,56,97,78,91,3,82,24,12,34,Female,Private,UG,0
3.29,98,32,37,74,5,70,3,9,36,Male,Private,HighSchool,0
3.42,97,38,78,86,19,97,10,1,105,Male,Private,PG,0
2.81,57,84,43,52,8,66,15,3,102,Male,Private,UG,0
2.48,73,36,37,45,12,41,11,16,12,Female,Government,HighSchool,0
2.1,76,59,35,30,17,70,16,11,11,Female,Government,UG,0
3.55,76,30,54,98,15,55,19,13,109,Female,Government,PG,0
2.43,93,93,98,39,13,44,29,15,33,Male,Private,UG,1
3.52,76,58,88,36,11,52,19,3,25,Male,Private,HighSchool,1
3.57,47,55,35,66,4,43,10,11,108,Male,Government,HighSchool,0
2.38,48,96,41,91,18,54,18,1,76,Female,Government,PG,0
2.02,53,92,75,43,16,72,27,12,7,Female,Private,UG,0
3.08,79,50,60,63,16,93,12,9,56,Female,Private,PG,0
2.82,43,93,83,32,18,42,23,16,50,Male,Government,HighSchool,0
3.93,86,67,70,42,18,91,23,7,60,Male,Government,PG,1
3.36,44,65,75,68,7,58,2,3,82,Male,Government,HighSchool,0
2.43,72,83,90,51,17,89,19,6,62,Male,Private,PG,1
3.08,90,65,61,89,8,48,19,14,35,Female,Government,PG,1
3.31,73,95,52,69,10,82,24,14,103,Male,Government,HighSchool,1
2.22,92,66,90,66,19,51,25,19,37,Male,Government,UG,1
2.48,67,87,53,36,7,92,19,16,5,Female,Private,PG,1
3.01,64,73,73,70,5,45,7,5,8,Female,Government,HighSchool,1
2.85,54,32,44,77,3,96,4,12,68,Male,Government,UG,0
2.72,46,84,72,63,3,82,12,2,17,Male,Government,PG,0
2.36,88,60,65,41,16,83,6,19,6,Female,Government,UG,1
2.99,99,39,64,74,1,69,10,4,48,Female,Private,UG,0
2.18,51,73,64,87,15,45,9,9,103,Female,Private,PG,0
3.66,93,39,61,96,15,55,2,16,107,Male,Private,UG,0
3.46,63,79,46,63,13,81,14,15,92,Male,Private,PG,0
3.64,63,99,84,74,18,75,19,8,18,Female,Government,HighSchool,1
3.31,67,91,97,81,5,81,23,3,69,Male,Private,UG,1
2.75,42,52,98,73,1,54,8,5,32,Female,Government,HighSchool,0
3.7,46,44,84,49,13,86,21,0,80,Male,Government,PG,0
2.62,44,75,73,92,1,57,10,1,68,Male,Government,PG,0
2.47,73,69,69,30,6,66,7,18,66,Male,Private,HighSchool,1
2.36,69,80,35,93,3,49,29,16,100,Female,Private,HighSchool,0
3.45,78,49,98,61,2,68,27,12,35,Male,Government,UG,0
2.84,67,95,73,30,19,71,9,11,35,Male,Private,HighSchool,1
2.06,45,78,48,30,4,51,12,11,54,Female,Private,UG,0
2.17,70,82,37,35,12,57,22,19,28,Female,Private,PG,0
3.87,89,87,38,68,7,87,14,3,60,Female,Government,PG,0
3.2,57,51,94,83,1,78,21,1,47,Female,Private,UG,0
2.51,74,95,49,52,12,71,24,17,105,Female,Government,UG,0
3.27,68,49,50,33,12,62,24,3,29,Male,Private,HighSchool,0
2.8,41,47,57,38,3,40,21,13,72,Male,Government,UG,0
2.37,40,98,61,83,13,51,6,3,25,Female,Government,PG,0
3.9,60,74,48,54,13,41,20,5,119,Female,Government,HighSchool,0
3.3,75,45,76,78,2,54,8,5,84,Male,Government,PG,0
3.62,74,41,84,44,15,47,18,14,73,Male,Government,HighSchool,0
3.92,62,74,97,45,10,44,7,7,31,Male,Government,PG,1
2.32,88,48,60,97,6,89,19,4,5,Male,Private,HighSchool,0
3.57,62,70,70,83,7,49,13,2,106,Male,Private,PG,1
2.81,55,49,45,37,19,81,3,17,9,Male,Private,UG,0
2.32,76,56,62,59,4,85,15,16,23,Male,Government,HighSchool,1
2.67,44,32,90,35,10,73,20,12,109,Male,Government,PG,0
3.05,88,39,86,61,12,83,1,4,24,Female,Private,HighSchool,0
3.6,96,34,41,42,15,99,6,13,11,Female,Government,UG,0
3.28,80,42,47,72,3,46,11,9,94,Male,Private,PG,0
2.73,69,64,78,86,1,43,23,18,29,Female,Government,HighSchool,1
2.63,49,48,37,79,9,70,23,3,47,Male,Private,PG,0
2.84,75,45,72,69,2,90,16,8,88,Male,Government,UG,0
3.19,48,54,42,41,4,52,21,9,78,Female,Private,PG,0
3.7,82,86,94,82,16,92,9,1,97,Female,Private,UG,1
3.12,77,69,44,69,8,73,11,10,8,Female,Private,PG,0
3.21,65,63,90,95,13,71,23,2,116,Female,Government,UG,1
3.69,99,55,55,71,10,91,15,7,78,Male,Private,PG,1
3.99,75,57,87,54,8,48,26,3,85,Male,Government,UG,1
3.32,62,94,62,72,13,53,26,4,81,Female,Private,HighSchool,1
3.46,84,89,64,53,16,82,17,7,17,Female,Government,UG,1
3.03,49,95,81,56,14,57,24,18,106,Male,Government,PG,0
3.13,74,48,39,30,10,73,8,12,66,Female,Government,HighSchool,0
2.16,54,43,96,31,9,92,16,0,31,Male,Private,PG,0
3.38,92,36,49,86,17,87,7,13,70,Female,Government,HighSchool,0
3.56,45,93,63,37,10,85,24,10,76,Male,Government,UG,0
2.1,41,30,77,90,13,58,20,5,20,Female,Government,UG,0
2.3,68,61,45,34,6,41,14,1,71,Male,Private,UG,0
3.72,63,61,46,97,12,95,21,18,25,Female,Private,UG,0
2.95,80,67,58,65,12,91,25,1,93,Male,Government,HighSchool,1
3.34,95,44,46,39,9,87,12,1,110,Female,Private,HighSchool,0
3.43,46,71,82,55,1,75,15,16,25,Female,Private,UG,0
3.11,53,59,71,95,4,49,26,0,114,Female,Private,PG,0
3.35,52,87,44,49,18,44,16,6,76,Male,Private,HighSchool,0
3.41,74,65,50,48,12,80,17,18,87,Male,Government,HighSchool,0
3.62,82,45,36,84,5,91,27,16,38,Female,Private,UG,0
3.96,89,62,95,93,4,85,6,4,78,Male,Government,UG,1
2.91,70,77,79,69,13,60,9,6,41,Male,Private,HighSchool,1
3.88,62,32,59,84,11,88,5,8,89,Male,Private,HighSchool,0
2.16,82,59,81,85,18,82,7,12,16,Male,Government,UG,1
2.43,95,77,84,64,13,99,17,3,13,Male,Private,HighSchool,1
2.38,84,88,63,96,5,92,7,12,85,Female,Private,UG,1
3.25,92,82,59,99,1,55,6,15,5,Female,Government,HighSchool,1
3.4,67,35,61,46,15,65,14,16,33,Male,Government,UG,0
2.95,53,87,94,34,15,40,9,0,70,Female,Private,HighSchool,0
3.34,78,78,80,52,6,75,20,18,12,Male,Government,PG,1
3.27,59,69,48,34,3,70,4,4,37,Male,Private,UG,0
3.54,60,33,61,46,16,71,22,9,68,Female,Private,PG,0
3.68,70,64,46,77,5,92,11,17,105,Male,Government,HighSchool,0
2.59,63,96,67,47,13,70,14,9,31,Female,Government,PG,1
3.56,79,77,37,60,19,52,14,14,86,Male,Government,PG,0
2.55,70,45,74,92,19,64,14,8,81,Male,Government,HighSchool,0
2.25,82,98,35,60,2,77,12,11,113,Male,Government,UG,0
3.78,53,57,43,34,5,60,16,7,86,Male,Private,HighSchool,0
3.29,83,42,56,82,18,56,5,12,49,Female,Private,PG,0
3.72,55,52,99,93,19,72,28,2,84,Male,Private,PG,0
3.37,69,53,75,64,2,74,10,11,93,Female,Government,UG,1
3.35,97,67,42,45,1,84,29,19,45,Female,Private,HighSchool,0
2.81,57,84,74,44,15,58,4,6,58,Male,Private,PG,0
2.47,90,87,41,85,7,75,9,3,6,Male,Private,HighSchool,0
2.37,79,89,90,70,8,56,9,16,32,Female,Government,PG,1
3.88,45,45,86,76,14,60,23,14,47,Female,Government,PG,0
3.4,82,91,38,41,7,99,21,7,5,Male,Private,UG,0
2.32,85,66,76,37,11,71,21,6,67,Male,Government,HighSchool,1
3.71,53,90,97,75,19,67,22,2,82,Female,Private,HighSchool,0
2.31,45,58,91,83,5,61,13,15,70,Male,Government,UG,0
2.7,75,75,95,87,3,89,10,17,64,Male,Government,HighSchool,1
3.26,84,88,67,55,16,82,2,13,7,Male,Government,UG,1
2.78,83,46,63,83,14,85,26,11,48,Male,Government,HighSchool,0
2.89,98,55,53,66,14,57,3,10,40,Male,Private,PG,1
3.93,67,41,95,52,19,91,9,5,10,Female,Government,UG,0
2.99,65,31,69,96,7,76,26,7,88,Male,Private,PG,0
3.19,71,74,48,49,7,96,1,16,37,Female,Private,HighSchool,0
2.76,85,50,51,58,5,74,17,19,15,Female,Private,UG,0
2.06,45,34,67,53,1,76,24,18,11,Male,Private,PG,0
3.71,99,92,82,59,13,84,28,15,13,Female,Government,UG,1
2.72,84,86,54,59,11,60,13,19,109,Female,Government,UG,1
2.55,45,88,75,74,15,43,24,11,98,Female,Government,PG,0
3.12,40,57,63,42,16,67,27,12,106,Female,Government,UG,0
3.26,74,92,64,48,1,54,10,14,62,Female,Government,PG,1
3.17,69,70,96,60,12,86,17,5,5,Male,Government,HighSchool,1
2.83,72,48,79,71,18,53,6,12,20,Female,Private,PG,0
2.3,91,67,74,63,1,71,29,15,34,Female,Private,PG,1
2.38,53,79,43,56,2,62,8,15,15,Male,Private,PG,0
2.91,54,37,38,90,8,97,13,4,61,Male,Private,UG,0
2.44,45,58,53,65,4,95,13,0,31,Female,Private,PG,0
3.4,85,88,86,67,15,68,7,2,112,Male,Private,UG,1
3.13,95,61,70,75,3,75,26,13,66,Male,Private,UG,1
2.0,94,45,94,32,8,73,26,0,61,Female,Government,HighSchool,0
2.11,82,73,39,34,1,85,17,3,18,Female,Private,HighSchool,0
2.29,72,41,40,57,11,66,17,11,70,Female,Government,UG,0
3.2,60,59,97,88,19,96,26,6,59,Male,Private,UG,0
3.75,44,83,58,66,17,46,9,2,24,Female,Government,UG,0
2.46,55,53,62,98,10,80,16,15,25,Male,Government,HighSchool,0
3.33,64,82,61,50,11,40,15,17,55,Female,Government,PG,1
2.21,50,52,56,75,12,75,4,2,117,Male,Private,HighSchool,0
3.96,86,54,56,39,15,97,15,7,44,Female,Private,UG,1
3.04,77,48,46,52,5,55,10,13,26,Female,Private,UG,0
2.2,75,74,49,87,18,76,18,15,95,Female,Private,UG,0
3.66,48,33,44,96,17,89,20,2,67,Female,Private,UG,0
3.43,42,98,40,58,17,42,19,2,63,Male,Private,UG,0
3.23,87,83,71,76,3,83,18,4,19,Male,Private,UG,1
2.97,91,94,63,53,8,54,19,8,82,Male,Government,PG,1
3.64,99,77,71,99,12,91,24,2,17,Female,Government,PG,1
3.82,65,85,53,81,8,85,18,0,14,Male,Government,HighSchool,1
3.4,91,91,74,51,8,75,8,10,114,Male,Government,UG,1
2.36,87,48,67,48,12,54,15,5,114,Female,Private,HighSchool,0
2.54,82,34,65,75,3,67,21,8,93,Male,Government,PG,0
3.4,84,76,85,31,14,74,5,12,113,Female,Private,HighSchool,1
3.06,55,52,58,75,3,63,12,14,116,Male,Government,HighSchool,0
2.55,73,88,69,54,7,42,21,1,60,Female,Government,UG,1
3.02,73,45,37,94,18,40,1,7,68,Female,Private,PG,0
3.83,65,49,44,62,1,67,20,10,12,Female,Private,UG,0
3.21,44,84,75,74,5,60,24,12,5,Male,Private,UG,0
2.79,96,94,76,36,18,59,24,10,71,Female,Private,PG,1
2.39,95,80,61,78,3,87,10,16,14,Male,Government,HighSchool,1
3.9,42,67,65,80,18,97,12,4,78,Female,Private,PG,0
3.41,71,45,45,87,3,75,25,3,73,Male,Government,UG,0
3.48,79,42,76,76,18,90,8,19,13,Female,Government,PG,0
3.27,44,84,76,66,13,76,6,11,8,Female,Private,UG,0
2.49,73,97,49,41,1,66,29,14,105,Male,Private,UG,0
3.28,72,82,72,58,4,89,6,18,60,Female,Private,HighSchool,1
3.99,92,40,57,96,2,79,3,17,76,Female,Government,HighSchool,0
3.81,58,37,93,98,19,99,12,16,16,Female,Government,PG,0
2.21,82,32,43,50,8,56,29,5,52,Male,Private,PG,0
2.2,78,56,71,91,2,91,16,7,54,Female,Government,HighSchool,1
2.86,41,66,69,90,14,53,8,2,95,Male,Private,HighSchool,0
2.01,42,54,65,61,12,56,2,4,98,Female,Government,PG,0
3.45,50,37,39,31,12,88,7,8,47,Female,Government,HighSchool,0
2.23,99,84,79,48,4,49,8,4,11,Female,Government,HighSchool,1
3.42,50,43,58,52,8,46,20,6,77,Female,Private,HighSchool,0
3.94,67,67,43,68,3,63,14,3,11,Male,Government,UG,0
3.83,65,50,51,32,1,57,16,5,80,Male,Private,HighSchool,0
3.4,71,91,78,50,15,73,7,9,52,Male,Private,UG,1
3.28,76,38,70,61,4,61,26,16,97,Female,Government,UG,0
3.75,61,60,71,63,13,63,5,19,117,Male,Private,HighSchool,1
2.2,54,61,37,31,3,44,24,13,66,Female,Private,PG,0
3.82,70,47,45,37,4,74,14,0,96,Female,Private,HighSchool,0
2.0,75,68,53,70,16,97,2,2,30,Male,Government,UG,1
3.12,84,88,63,91,5,98,23,7,91,Male,Private,UG,1
3.62,82,71,84,85,4,95,23,17,79,Female,Private,HighSchool,1
3.99,73,87,67,51,10,77,7,18,11,Male,Private,PG,1
3.77,77,96,81,65,16,51,19,3,18,Female,Private,HighSchool,1
3.34,41,32,66,78,3,68,19,17,14,Female,Private,UG,0
3.3,78,63,74,60,8,59,7,15,73,Female,Private,PG,1
3.15,55,47,89,78,17,68,21,3,102,Female,Government,PG,0
2.99,93,85,94,62,14,66,8,6,94,Male,Government,PG,1
3.53,52,98,79,83,2,74,19,9,81,Female,Private,PG,0
2.45,45,74,85,99,17,67,11,9,32,Female,Government,PG,0
2.3,67,34,76,91,9,86,1,8,28,Male,Private,UG,0
3.7,94,57,52,36,15,72,12,6,94,Male,Private,HighSchool,1
2.38,57,59,76,73,16,44,20,1,111,Female,Government,UG,0
2.25,63,46,59,59,10,76,10,19,71,Male,Private,HighSchool,0
2.95,66,68,73,93,15,72,8,12,68,Female,Government,UG,1
2.83,96,74,47,30,13,78,4,16,73,Female,Private,PG,0
2.3,69,85,51,79,5,72,4,15,105,Male,Private,HighSchool,1
3.69,92,57,47,53,9,71,17,15,64,Female,Government,HighSchool,0
3.75,62,92,69,93,11,94,5,18,65,Male,Government,UG,1
2.92,55,32,51,42,1,58,29,8,59,Female,Private,UG,0
2.23,90,30,99,60,10,91,11,2,106,Female,Private,UG,0
3.3,93,82,87,83,11,90,14,16,11,Female,Government,UG,1
3.62,87,92,46,99,1,59,3,17,98,Female,Government,PG,0
3.75,79,30,71,70,5,58,7,11,52,Male,Government,PG,0
3.06,80,79,97,96,9,65,13,6,81,Male,Government,UG,1
2.67,65,70,98,31,18,92,20,3,86,Male,Private,HighSchool,1
3.95,80,54,94,35,6,52,26,3,100,Female,Government,HighSchool,1
2.73,61,70,88,53,8,69,9,2,85,Male,Private,PG,1
3.08,43,71,63,67,18,85,2,3,83,Male,Government,PG,0
2.71,50,55,84,87,4,70,23,18,28,Male,Government,PG,0
2.86,63,38,64,44,10,66,17,1,37,Male,Private,UG,0
2.67,83,60,57,60,2,64,19,2,43,Female,Government,PG,1
2.08,49,38,67,30,6,81,17,19,84,Female,Government,HighSchool,0
3.2,55,60,81,47,5,45,21,10,113,Female,Private,UG,0
2.37,98,93,91,44,12,93,27,17,51,Male,Government,PG,1
2.37,88,42,97,44,9,50,12,16,115,Male,Government,HighSchool,0
2.29,90,46,42,80,6,93,20,3,72,Female,Government,HighSchool,0
3.42,54,70,71,63,18,68,11,18,40,Female,Government,HighSchool,0
3.86,66,75,69,92,9,49,6,14,70,Female,Government,HighSchool,1
2.27,66,88,50,56,8,53,13,9,65,Female,Government,HighSchool,0
3.05,53,95,66,63,18,92,19,14,91,Female,Private,UG,0
2.78,71,70,71,66,13,84,3,16,114,Female,Private,UG,1
2.58,49,87,92,81,2,40,4,1,24,Female,Government,HighSchool,0
3.91,97,38,66,51,1,98,26,4,70,Female,Government,HighSchool,0
2.55,88,49,60,58,5,68,26,5,39,Female,Private,PG,0
2.56,94,32,39,90,16,67,6,2,41,Female,Government,PG,0
3.23,60,72,48,89,2,98,21,0,28,Female,Private,HighSchool,0
2.13,95,85,95,96,3,41,6,8,113,Female,Private,PG,1
2.63,47,88,97,63,14,56,1,18,23,Female,Private,PG,0
2.44,91,90,99,70,9,84,11,6,83,Female,Private,UG,1
2.21,66,89,40,45,6,64,11,19,84,Female,Private,HighSchool,0
3.07,98,42,95,85,19,95,11,6,62,Male,Private,UG,0
2.99,60,67,82,56,4,71,16,5,21,Male,Private,HighSchool,0
3.46,74,75,82,33,18,78,13,5,82,Male,Government,HighSchool,1
2.04,78,92,56,86,9,82,25,13,63,Male,Government,PG,1
3.44,87,91,53,44,5,57,17,2,66,Male,Private,UG,1
3.66,87,36,94,83,3,72,14,4,95,Male,Government,PG,0
2.56,54,30,96,35,1,67,27,3,89,Male,Private,HighSchool,0
3.43,59,41,44,54,2,61,6,1,12,Female,Government,UG,0
3.73,77,90,98,53,12,61,29,15,17,Female,Private,PG,1
3.39,41,93,92,80,15,98,1,9,100,Female,Private,HighSchool,0
3.84,69,61,64,35,1,75,3,0,109,Male,Private,UG,1
2.42,82,99,64,42,16,51,4,15,53,Female,Government,UG,1
3.95,41,66,63,73,12,54,6,15,59,Female,Government,HighSchool,0
2.85,86,44,99,72,12,58,19,3,68,Male,Private,HighSchool,0
3.81,73,69,66,52,11,74,19,7,36,Female,Government,HighSchool,1
3.75,60,77,74,45,7,87,1,7,58,Female,Government,PG,0
2.66,41,40,76,66,7,86,22,15,86,Male,Government,HighSchool,0
2.17,85,89,66,79,1,98,13,14,59,Female,Private,HighSchool,1
2.65,49,94,37,58,1,42,18,5,11,Female,Private,PG,0
3.18,62,92,76,92,13,50,6,3,65,Male,Government,UG,1
3.33,47,99,50,70,4,54,2,0,113,Female,Private,HighSchool,0
3.75,94,35,83,43,12,42,23,2,68,Male,Government,UG,0
2.26,98,62,76,68,13,79,17,4,15,Male,Government,UG,1
3.05,65,62,47,64,5,72,25,19,87,Male,Private,HighSchool,0
2.06,69,53,42,39,6,50,26,3,65,Male,Government,UG,0
3.11,53,35,77,98,7,55,16,6,34,Male,Government,PG,0
2.43,91,38,83,63,12,86,26,2,54,Female,Private,HighSchool,0
3.23,41,83,74,93,2,56,14,14,104,Female,Private,UG,0
3.62,74,85,56,73,6,78,4,0,66,Male,Private,PG,1
3.89,76,32,48,93,14,70,26,8,109,Female,Government,HighSchool,0
2.88,94,40,69,33,11,40,25,17,71,Male,Government,UG,0
3.81,45,99,51,31,15,43,27,5,91,Male,Private,HighSchool,0
2.39,44,97,56,54,3,71,14,9,60,Female,Private,HighSchool,0
2.82,97,48,89,83,4,64,29,8,42,Female,Government,UG,0
3.79,65,62,63,57,10,70,24,16,82,Female,Government,UG,1
2.15,77,68,78,33,10,45,2,17,38,Female,Private,HighSchool,1
3.63,69,91,59,44,17,60,13,6,60,Female,Private,HighSchool,1
2.57,45,33,87,47,9,55,10,11,73,Male,Private,UG,0
3.96,94,53,39,68,16,58,27,12,19,Male,Private,UG,0
3.48,71,99,67,46,5,99,9,3,75,Female,Private,HighSchool,1
3.59,56,70,84,73,12,60,29,9,22,Female,Government,HighSchool,0
3.34,58,62,88,89,3,78,7,9,54,Male,Private,UG,0
2.76,67,93,97,38,2,93,9,2,6,Female,Government,UG,1
2.46,65,94,41,86,16,52,10,2,39,Female,Government,HighSchool,0
2.41,54,48,81,45,5,54,18,11,24,Female,Private,PG,0
2.09,84,50,48,74,18,67,25,13,23,Male,Private,PG,0
3.4,74,99,62,63,12,41,11,7,52,Female,Private,HighSchool,1
3.22,78,87,56,33,9,58,28,12,94,Male,Government,UG,1
2.24,52,56,48,64,6,55,10,10,93,Female,Government,UG,0
2.05,79,62,42,85,16,54,9,6,73,Female,Government,UG,0
3.25,49,47,58,83,6,67,18,16,45,Male,Government,PG,0
2.67,66,79,56,93,3,91,1,11,16,Female,Government,PG,1
2.75,65,50,97,31,6,61,20,6,113,Female,Private,PG,0
2.84,85,67,99,32,12,69,8,0,112,Male,Government,PG,1
3.08,49,36,39,63,9,63,12,7,65,Male,Private,PG,0
3.7,80,50,54,51,7,85,3,19,115,Female,Government,HighSchool,0
3.35,87,80,54,53,14,79,17,7,24,Male,Private,HighSchool,1
2.85,40,93,61,94,1,84,18,7,87,Male,Government,PG,0
2.95,46,60,55,38,9,73,12,16,86,Male,Private,PG,0
2.64,79,82,99,73,11,82,27,19,86,Female,Private,UG,1
2.29,58,60,77,67,1,62,13,13,94,Male,Private,UG,0
2.7,96,45,61,85,16,43,18,17,12,Female,Government,PG,0
2.16,73,84,54,76,5,61,13,8,35,Male,Government,HighSchool,1
3.7,44,32,90,68,16,87,7,12,41,Male,Government,PG,0
3.64,94,75,47,45,14,88,4,5,39,Female,Government,UG,0
4.0,69,44,96,41,2,41,1,1,101,Female,Government,PG,0
2.66,99,32,92,73,16,89,19,19,17,Female,Government,UG,0
2.27,61,48,36,47,16,95,29,1,75,Male,Government,UG,0
2.32,45,63,65,85,10,78,11,4,83,Male,Private,PG,0
2.52,80,64,42,73,10,47,17,4,118,Female,Private,PG,0
2.93,88,92,66,61,14,65,7,0,71,Male,Private,HighSchool,1
3.8,89,30,58,52,10,83,9,12,100,Female,Government,UG,0
2.99,61,52,54,91,16,61,4,14,99,Female,Government,UG,1
3.27,41,38,71,87,11,96,28,2,31,Female,Government,PG,0
3.43,82,95,55,83,19,85,1,10,84,Female,Private,HighSchool,1
2.06,59,77,80,72,11,96,6,12,105,Female,Private,HighSchool,0
3.09,95,46,92,79,14,90,19,18,21,Male,Private,UG,0
3.87,97,73,77,43,6,48,23,2,78,Male,Private,PG,1
2.34,68,71,44,61,13,86,24,14,53,Male,Government,HighSchool,0
2.51,98,96,74,94,14,55,12,6,37,Male,Private,PG,1
2.06,52,75,39,58,12,43,29,15,107,Female,Private,PG,0
2.48,41,33,76,62,4,91,13,5,106,Male,Private,PG,0
2.98,99,39,48,30,14,57,17,3,50,Male,Private,HighSchool,0
2.1,86,55,92,57,17,52,11,5,114,Male,Private,PG,1
2.63,66,83,42,46,5,89,17,3,23,Female,Government,PG,0
3.14,88,51,73,30,17,59,14,10,83,Male,Private,UG,1
3.87,64,98,88,70,13,47,15,3,14,Female,Government,PG,1
3.36,87,40,95,45,2,85,7,5,13,Female,Government,PG,0
3.96,94,71,89,37,11,70,11,9,72,Female,Private,PG,1
2.28,81,30,55,35,14,54,25,6,26,Male,Private,PG,0
2.72,65,73,98,86,4,73,2,6,102,Male,Private,PG,1
3.15,68,61,40,73,6,49,10,2,36,Male,Private,HighSchool,0
3.75,44,65,75,79,12,76,3,18,50,Male,Government,HighSchool,0
3.6,99,59,87,84,18,54,15,0,39,Female,Private,HighSchool,1
2.02,51,36,54,50,4,58,17,12,69,Female,Private,PG,0
2.2,57,38,70,84,7,58,27,18,16,Male,Government,UG,0
2.84,99,77,68,92,4,53,16,17,39,Female,Private,UG,1
2.34,93,40,88,92,19,55,11,15,55,Male,Private,PG,0
3.26,98,46,69,52,9,77,28,0,100,Female,Private,HighSchool,0
3.13,42,38,70,92,18,62,19,5,43,Female,Government,PG,0
3.57,84,31,94,96,8,86,26,7,18,Female,Government,UG,0
2.92,73,84,99,46,5,96,7,18,25,Female,Private,HighSchool,1
3.5,83,95,57,49,7,78,16,13,29,Male,Private,UG,1
2.61,93,85,74,64,15,44,24,7,83,Female,Private,UG,1
3.78,89,86,69,88,15,54,5,2,52,Male,Private,UG,1
2.63,75,53,52,93,4,82,24,13,6,Female,Private,PG,1
2.73,49,98,90,54,6,46,28,7,80,Female,Government,PG,0
2.72,78,76,57,37,5,90,10,17,18,Male,Private,PG,1
3.26,68,56,56,34,1,48,2,6,78,Male,Private,HighSchool,1
3.92,71,99,81,87,14,54,15,17,13,Male,Government,UG,1
2.36,64,63,36,44,9,96,20,8,60,Male,Private,UG,0
2.27,96,85,72,84,18,50,1,9,18,Male,Private,HighSchool,1
2.54,81,87,56,42,8,87,6,3,67,Male,Private,PG,1
2.47,79,75,43,78,16,67,16,10,111,Male,Private,PG,0
2.36,82,57,56,99,4,77,14,0,28,Female,Private,PG,1
3.91,54,64,74,68,7,83,25,16,33,Male,Private,PG,0
2.38,40,45,62,59,18,98,7,6,49,Male,Private,UG,0
3.29,95,59,78,58,1,98,1,5,19,Female,Private,UG,1
2.56,61,50,63,68,1,50,13,10,35,Male,Government,UG,0
2.43,40,55,70,56,17,93,7,18,35,Female,Government,PG,0
3.21,89,90,74,84,6,47,25,3,67,Male,Private,PG,1
2.16,91,71,61,35,8,60,28,13,98,Female,Government,PG,1
2.8,42,99,40,48,6,90,1,2,87,Female,Government,PG,0
2.51,49,83,86,88,5,58,12,7,65,Male,Government,HighSchool,0
3.1,49,88,76,93,16,47,26,7,84,Female,Private,PG,0
3.98,92,60,38,62,15,43,27,10,16,Female,Private,PG,0
3.65,66,59,69,99,18,46,29,17,33,Male,Private,PG,1
2.14,72,84,55,89,18,85,18,9,106,Male,Private,HighSchool,1
3.47,85,89,50,46,5,46,22,13,24,Female,Private,HighSchool,0
3.04,49,71,69,57,3,69,21,7,104,Male,Private,PG,0
2.88,71,80,97,62,19,77,18,6,119,Male,Private,PG,1
2.95,65,30,90,57,10,66,11,19,56,Male,Private,UG,0
3.67,43,49,89,44,13,70,14,11,15,Female,Private,PG,0
2.79,92,36,95,86,18,91,2,10,53,Male,Private,HighSchool,0
2.93,72,79,60,34,10,72,26,12,75,Female,Government,HighSchool,1
3.05,53,82,96,41,10,67,8,3,54,Male,Private,UG,0
2.55,88,61,50,55,7,65,2,12,58,Female,Government,HighSchool,0
2.76,57,99,42,60,5,91,2,14,49,Female,Private,PG,0
2.6,92,83,38,33,7,77,23,17,112,Male,Private,UG,0
3.16,84,38,75,75,9,94,10,17,5,Female,Private,HighSchool,0
3.03,43,67,46,95,2,71,3,4,33,Male,Government,PG,0
3.83,52,83,71,87,6,52,25,1,112,Male,Government,PG,0
2.05,67,63,59,90,14,46,7,14,8,Female,Private,UG,1
2.99,47,66,79,94,11,74,4,12,99,Female,Private,HighSchool,0
3.49,57,32,97,82,15,53,22,5,93,Male,Private,PG,0
3.73,73,41,83,70,1,60,24,1,82,Male,Government,HighSchool,0
3.5,80,67,96,43,3,80,6,17,117,Female,Government,PG,1
2.24,50,99,87,52,10,46,29,16,65,Female,Government,UG,0
2.19,76,39,49,81,19,69,6,18,55,Female,Private,UG,0
3.47,94,59,74,44,7,83,1,2,114,Female,Private,PG,1
3.45,84,60,89,54,11,53,7,16,116,Female,Private,HighSchool,1
3.12,40,91,73,95,12,87,21,2,30,Male,Government,PG,0
3.59,84,62,93,93,8,99,3,1,25,Female,Government,PG,1
3.15,50,42,99,67,15,81,20,12,56,Male,Government,UG,0
3.38,50,83,88,59,4,44,3,2,31,Female,Private,UG,0
2.78,62,42,52,37,10,53,20,16,61,Male,Private,PG,0
3.97,88,40,78,90,17,64,7,2,95,Female,Private,PG,0
3.67,94,76,97,55,15,57,20,3,19,Female,Government,UG,1
2.82,44,58,51,58,18,66,22,4,33,Female,Government,PG,0
3.92,78,41,41,52,12,64,1,1,16,Male,Private,PG,0
3.4,47,30,82,77,11,66,26,16,65,Female,Government,UG,0
2.28,91,87,78,98,17,63,19,12,56,Female,Government,PG,1
2.51,85,87,63,64,7,72,2,6,72,Female,Government,HighSchool,1
3.88,67,43,71,53,3,62,16,15,61,Female,Government,HighSchool,0
2.68,63,96,98,74,2,81,26,19,52,Male,Government,PG,1
3.1,71,71,49,56,6,86,19,15,61,Female,Private,PG,0
3.37,70,46,87,76,12,90,15,19,100,Female,Government,HighSchool,0
2.12,98,90,73,34,4,61,15,15,51,Female,Government,HighSchool,1
2.94,51,63,87,37,6,44,19,13,25,Male,Private,PG,0
2.36,91,58,36,85,15,85,29,5,84,Male,Private,HighSchool,0
2.93,47,72,88,37,1,40,2,2,13,Female,Private,UG,0
3.25,93,81,82,70,15,42,14,5,105,Female,Government,UG,1
2.01,94,86,81,48,1,88,17,3,117,Male,Government,PG,1
2.2,74,98,71,93,3,60,14,0,36,Male,Private,UG,1
3.11,45,54,88,79,3,44,4,2,110,Male,Government,HighSchool,0
3.07,84,82,96,47,15,83,29,0,21,Female,Private,PG,1
3.4,59,79,86,79,14,65,9,7,32,Female,Private,HighSchool,0
2.19,42,75,80,72,4,68,28,14,110,Female,Government,HighSchool,0
2.89,73,44,80,55,16,79,13,4,42,Male,Government,UG,0
2.68,54,38,61,76,3,58,16,7,77,Female,Private,UG,0
2.96,90,40,62,66,18,79,19,1,95,Female,Private,UG,0
3.78,83,43,40,73,7,61,8,6,6,Female,Private,HighSchool,0
3.85,65,57,64,77,9,57,11,0,87,Male,Private,PG,1
2.85,88,88,93,69,5,53,29,5,44,Male,Government,HighSchool,1
2.13,67,32,36,91,16,79,12,18,21,Male,Private,PG,0
2.92,83,69,74,47,5,54,20,1,106,Male,Private,PG,1
3.86,41,33,86,82,19,81,9,14,95,Female,Private,PG,0
2.46,64,87,80,32,6,90,4,14,53,Female,Private,PG,1
2.63,71,80,53,63,4,84,10,18,44,Male,Government,UG,1
2.42,78,86,41,52,11,53,17,3,73,Male,Private,UG,0
3.88,53,40,47,42,19,80,11,8,35,Male,Government,HighSchool,0
2.7,64,48,99,59,14,72,29,5,17,Male,Government,UG,0
3.98,40,30,57,66,9,70,18,8,33,Male,Private,PG,0
2.1,74,68,52,76,16,56,14,4,45,Male,Government,UG,1
2.57,75,85,57,67,8,63,18,9,87,Female,Government,PG,1
2.33,90,96,53,99,14,47,23,8,113,Female,Government,PG,1
3.2,65,46,92,48,14,57,16,17,102,Male,Private,PG,0
3.23,64,61,70,73,10,40,27,8,106,Male,Government,PG,1
3.85,74,42,76,74,10,56,20,11,13,Male,Private,UG,0
2.99,60,71,94,68,19,92,13,12,24,Male,Government,PG,0
2.65,67,85,69,33,6,60,1,4,68,Female,Government,UG,1
3.71,73,73,77,51,3,72,19,17,74,Female,Private,PG,1
3.0,61,81,39,62,15,66,24,3,110,Male,Private,HighSchool,0
2.71,88,89,40,32,6,68,13,17,55,Female,Government,UG,0
2.53,61,77,35,78,1,54,13,14,35,Female,Private,UG,0
2.74,79,54,41,40,19,99,3,17,114,Female,Private,HighSchool,0
3.33,48,86,61,58,16,53,10,18,30,Female,Private,UG,0
2.37,98,39,84,30,8,79,11,5,50,Male,Government,PG,0
2.03,57,45,87,34,11,53,28,11,47,Male,Private,HighSchool,0
2.91,77,97,75,94,1,90,15,13,114,Female,Government,UG,1
2.52,43,52,60,38,18,53,12,5,54,Female,Private,UG,0
3.98,56,77,58,72,11,51,26,0,117,Male,Private,HighSchool,0
3.01,64,99,41,35,9,86,5,14,20,Female,Private,PG,0
2.04,89,61,81,81,8,67,22,16,27,Male,Private,HighSchool,1
3.34,88,95,53,69,17,49,13,17,22,Female,Private,UG,1
3.35,67,38,47,41,17,58,7,15,57,Male,Private,PG,0
2.77,74,62,58,50,1,84,16,5,101,Female,Government,HighSchool,1
3.31,60,55,40,37,16,85,20,15,25,Male,Private,HighSchool,0
2.47,44,71,78,69,17,93,17,15,101,Female,Government,PG,0
2.71,74,66,60,94,11,81,3,19,39,Female,Government,UG,1
2.99,65,88,51,72,17,76,20,19,116,Male,Government,PG,1
3.48,61,72,56,89,4,74,29,4,30,Male,Private,PG,1
3.62,44,36,91,40,18,53,18,0,117,Male,Government,HighSchool,0
2.44,85,42,95,42,4,82,6,0,20,Male,Government,PG,0
2.11,96,61,68,30,13,47,27,17,9,Female,Government,PG,1
2.04,55,56,72,48,6,54,8,17,73,Male,Government,UG,0
3.44,56,44,69,82,5,45,21,8,53,Male,Government,HighSchool,0
